{"cameraMode":{"drawMode":0,"name":"Shaded","section":"Shading Mode"},"sceneLighting":true,"audioPlay":false,"sceneViewState":{"showFog":true,"showMaterialUpdate":false,"showSkybox":true,"showFlares":true,"showImageEffects":true,"showParticleSystems":true},"in2DMode":false,"pivot":{"x":458.54742431640627,"y":317.2442321777344,"z":89.65508270263672},"rotation":{"x":0.08788267523050308,"y":0.13436736166477204,"z":-0.011965266428887844,"w":0.9869625568389893},"size":858.29736328125,"orthographic":false}