{"cameraMode":{"drawMode":0,"name":"Shaded","section":"Shading Mode"},"sceneLighting":true,"audioPlay":false,"sceneViewState":{"showFog":true,"showMaterialUpdate":false,"showSkybox":true,"showFlares":true,"showImageEffects":true,"showParticleSystems":true},"in2DMode":false,"pivot":{"x":458.54742431640627,"y":317.2442321777344,"z":89.65508270263672},"rotation":{"x":0.025803115218877794,"y":0.016804266721010209,"z":-0.0004348722577560693,"w":0.9995326995849609},"size":207.30845642089845,"orthographic":false}